verdict	only_hist	only_disk	refs	ratio	disk_size	hist_size	rel_path	snapshot	disk_only_syms
REFACTORED	15	11	15	0.5327636002083235	22505	42242	CaseCrack\tools\burp_enterprise\exploit_chains\synthesis_context.py	C:\Users\ya754\AppData\Roaming\Code\User\History\-2b863a49\q1mG.py	ProbeResult.__post_init__|ProbeResult.to_dict|RankedPayload.__post_init__|ReflectionContext.__post_init__|ReflectionContextDetector.__init__
REFACTORED	0	4	14	0.09209513023782559	8132	88300	CaseCrack\tools\burp_enterprise\__init__.py	C:\Users\ya754\AppData\Roaming\Code\User\History\986af02\QN1W.py	__getattr__|_lazy_registry|get_recovered_modules|register_with_orchestrator
REFACTORED	17	10	12	0.5296516202875742	14808	27958	CaseCrack\tools\burp_enterprise\exploit_chains\synthesis_feedback.py	C:\Users\ya754\AppData\Roaming\Code\User\History\734cf3e3\YU9x.py	FeedbackEvent.is_neutral|SynthesisFeedbackCollector._propagate_to_campaign|SynthesisFeedbackCollector._propagate_to_forge|SynthesisFeedbackCollector._propagate_to_hypothesis|SynthesisFeedbackCollector._propagate_to_reasoning
REFACTORED	45	15	11	0.246235087033053	20144	81808	CaseCrack\tools\burp_enterprise\exploit_chains\payload_arbiter.py	C:\Users\ya754\AppData\Roaming\Code\User\History\-6f3a78fd\dlFG.py	PayloadArbiter._score_payload|_CHAIN_KEYWORDS|_COST_BY_ENGINE|_DESTRUCTIVE_PATTERNS|_IMPACT_BY_VULN
REFACTORED	61	5	9	0.1934461421896704	15319	79190	CaseCrack\tools\burp_enterprise\exploit_chains\weight_tuner.py	C:\Users\ya754\AppData\Roaming\Code\User\History\6e057ee0\X8Q1.py	WeightTuner._extract_observation|_NEGATIVE_SIGNALS|_POSITIVE_SIGNALS|_REWARD_BY_TYPE|_SIGNAL_TO_ARBITER_ATTR
REFACTORED	9	21	5	0.5256902385623703	36976	70338	CaseCrack\tools\burp_enterprise\hypothesis_engine.py	C:\Users\ya754\AppData\Roaming\Code\User\History\64279997\MbGW.py	HypothesisEngine._amplification_for|HypothesisEngine._get_or_create|HypothesisEngine._interaction_lookup|HypothesisEngine._prune_expired_boosts|HypothesisEngine._update_extreme_metrics
REFACTORED	50	57	3	0.2789546762645733	71924	257834	CaseCrack\tools\burp_enterprise\agents\llm_bridge.py	C:\Users\ya754\AppData\Roaming\Code\User\History\6532e0c0\wbiO.py	Analysis|Analysis.to_dict|AnthropicClient|AnthropicClient.__init__|AnthropicClient.complete
REFACTORED	37	16	3	0.5738830964860825	30328	52847	CaseCrack\tools\burp_enterprise\exploit_chains\grammar_synthesizer.py	C:\Users\ya754\AppData\Roaming\Code\User\History\729d304b\0dqL.py	SQLiGrammar._dialect_payloads|SQLiGrammar._position_payloads|XSSGrammar._attr_name_payloads|XSSGrammar._attr_value_payloads|XSSGrammar._comment_payloads
REFACTORED	27	19	3	0.6972678767729308	26006	37297	CaseCrack\tools\burp_enterprise\exploit_chains\genetic_forge.py	C:\Users\ya754\AppData\Roaming\Code\User\History\-67bb4266\FAiP.py	CONVERGENCE_PATIENCE|DEFAULT_CROSSOVER_RATE|DEFAULT_ELITE_FRACTION|DEFAULT_MAX_GENERATIONS|DEFAULT_MUTATION_RATE
REFACTORED	26	10	3	0.30503437166776326	13445	44077	CaseCrack\tools\burp_enterprise\exploit_chains\payload_synthesis_engine.py	C:\Users\ya754\AppData\Roaming\Code\User\History\-b3e0feb\90Xn.py	PayloadSynthesisEngine._ensure_arbiter|PayloadSynthesisEngine._ensure_forge|PayloadSynthesisEngine._ensure_grammar|PayloadSynthesisEngine._ensure_llm|PayloadSynthesisEngine._ensure_scheduler
REFACTORED	19	1	3	0.5596906959341482	145847	260585	CaseCrack\tools\burp_enterprise\recon_dashboard\server.py	C:\Users\ya754\AppData\Roaming\Code\User\History\370374e4\h6DS.py	_load_stdlib_secrets
REFACTORED	13	4	3	0.42540904716073147	7956	18702	CaseCrack\tools\burp_enterprise\exploit_chains\execution_scheduler.py	C:\Users\ya754\AppData\Roaming\Code\User\History\5217667\IxwG.py	ExecutionScheduler._estimate_latency|ExecutionScheduler._interleave_stealth|ExecutionScheduler._primary_key|ExecutionScheduler._trim_by_budget
REFACTORED	10	10	3	0.46984126984126984	10508	22365	CaseCrack\tools\burp_enterprise\exploit_chains\failure_pattern.py	C:\Users\ya754\AppData\Roaming\Code\User\History\-19daba80\Bhje.py	FailurePatternExtractor._evict_one|FailurePatternExtractor._filter|FailurePatternExtractor._refresh_counters|_AVOID_STRUCTURE_BY_SIG|_EVENT_HANDLER_RE
REFACTORED	46	11	2	0.5993197278911565	27311	45570	CaseCrack\tools\burp_enterprise\tool_registry\output_parsers.py	C:\Users\ya754\AppData\Roaming\Code\User\History\43fdc151\mtTp.py	CANONICAL_SEVERITIES|NaabuParser.parse|OutputParser._severity_norm|ParsedFinding.is_valid|ParserRegistry.invalid_count
REFACTORED	45	15	2	0.25017970528333533	16706	66776	CaseCrack\tools\burp_enterprise\reasoning\prompt_chains.py	C:\Users\ya754\AppData\Roaming\Code\User\History\-21530720\34xb.py	ChainResult.get_step|ChainResult.success|DAGNode|DAGTraceEntry|PromptChainDAGExecutor
REFACTORED	40	7	2	0.16213418128709028	8770	54091	CaseCrack\tools\burp_enterprise\inference\gpu_governor.py	C:\Users\ya754\AppData\Roaming\Code\User\History\-321de56d\4cUG.py	GPUGovernor._discover_nvidia_smi|GPUGovernor._discover_windows_wmic|GPUGovernor.allocate|GPUGovernor.discover|GPUGovernor.release
REFACTORED	25	15	2	0.35553858878920913	16764	47151	CaseCrack\tools\burp_enterprise\tool_registry\registry.py	C:\Users\ya754\AppData\Roaming\Code\User\History\4050eaaa\TJ0D.py	ToolDefinition.availability|ToolDefinition.is_available|ToolRegistry.__contains__|ToolRegistry.available_for_capability|ToolRegistry.available_tools
REFACTORED	23	31	2	0.6739044956092446	15425	22889	CaseCrack\tools\burp_enterprise\reasoning\kv_checkpoint.py	C:\Users\ya754\AppData\Roaming\Code\User\History\f3d22b1\Zxfe.py	ChainCheckpointState.checkpoint_count|ChainCheckpointState.latest|Checkpoint.__post_init__|Checkpoint.from_dict|Checkpoint.verify
REFACTORED	21	11	2	0.5220378825550382	11548	22121	CaseCrack\tools\burp_enterprise\reasoning\context_budget.py	C:\Users\ya754\AppData\Roaming\Code\User\History\-1f870cd4\uqDV.py	AdaptiveBudgetTuner|AdaptiveBudgetTuner.__init__|AdaptiveBudgetTuner.record|AdaptiveBudgetTuner.record_batch|AdaptiveBudgetTuner.stats
REFACTORED	20	25	2	0.5750312937191665	15619	27162	CaseCrack\tools\burp_enterprise\reasoning\hypothesis_manager.py	C:\Users\ya754\AppData\Roaming\Code\User\History\5a03d5d7\1Lr9.py	DeduplicationStats.unique_count|Hypothesis|Hypothesis.fingerprint|HypothesisManager._enforce_cap|HypothesisManager._evict_stale
REFACTORED	12	11	2	0.7415152230351664	15709	21185	CaseCrack\tools\burp_enterprise\exploit_chains\llm_synthesizer.py	C:\Users\ya754\AppData\Roaming\Code\User\History\50fc2245\tgeL.py	DEFAULT_LLM_CONFIDENCE|DEFAULT_MAX_PAYLOADS_PER_CALL|LLMSynthesizer._coerce_entry|LLMSynthesizer._rank|LLMSynthesizer.clear_cache
REFACTORED	12	5	2	0.44938815216834777	8777	19531	CaseCrack\tools\burp_enterprise\tool_registry\action_translator.py	C:\Users\ya754\AppData\Roaming\Code\User\History\7c9ca0c4\Mt06.py	ActionTranslator._build_args|ActionTranslator._pick_tool|ActionTranslator.set_registry|ActionTranslator.translate_batch|TOOL_PRIORS
REFACTORED	10	6	2	0.32467593242547615	6938	21369	CaseCrack\tools\burp_enterprise\tool_registry\fallback.py	C:\Users\ya754\AppData\Roaming\Code\User\History\-13234a1b\Ivr0.py	FallbackSelector._is_healthy|FallbackSelector._rank_alternatives|FallbackSelector._score|FallbackSelector.record_outcome|FallbackSelector.set_registry
REFACTORED	6	5	2	0.7215472353087032	26190	36297	CaseCrack\tools\burp_enterprise\synthesis_safety.py	C:\Users\ya754\AppData\Roaming\Code\User\History\-1bb50c2b\E2oc.py	_CONFIDENCE_FIELD_WEIGHTS|_WS_RE|_fingerprint|_shingles|_similarity
REFACTORED	1	6	2	0.06938187060731664	4235	61039	CaseCrack\tools\burp_enterprise\_spa_shell.py	C:\Users\ya754\AppData\Roaming\Code\User\History\-41d37f04\9ajd.py	_ASSEMBLED_HEAD|_HEAD_TPL|_SPA_BODY|_SPA_CSS|_SPA_JS
REFACTORED	17	1	1	0.685194628590855	68527	100011	CaseCrack\tools\burp_enterprise\learning_loop_engine.py	C:\Users\ya754\AppData\Roaming\Code\User\History\7c838736\Uhkc.py	StrategyEvolver.evolve_exploitation_paths
REFACTORED	16	10	1	0.4794565781404783	10164	21199	CaseCrack\tools\burp_enterprise\memory\vector_index.py	C:\Users\ya754\AppData\Roaming\Code\User\History\648e0518\fb46.py	VectorMemoryIndex.__len__|VectorMemoryIndex._raw_search|VectorMemoryIndex.add_batch|VectorMemoryIndex.load|VectorMemoryIndex.save
REFACTORED	16	7	1	0.32178459393516906	9232	28690	CaseCrack\tools\burp_enterprise\inference\model_manager.py	C:\Users\ya754\AppData\Roaming\Code\User\History\859617b\VNIq.py	ModelManager._default_catalog|ModelManager._parse_filename|ModelManager.scan|ModelManager.select|ModelSpec.__post_init__
REFACTORED	15	7	1	0.4420541706615532	7377	16688	CaseCrack\tools\burp_enterprise\inference\grammar.py	C:\Users\ya754\AppData\Roaming\Code\User\History\545ec0ab\3Mtt.py	GBNFGrammar.to_string|GBNFGrammar.validate|_SchemaWalker|_SchemaWalker.__init__|_SchemaWalker._emit
REFACTORED	13	2	1	0.5840163098878696	14323	24525	CaseCrack\tools\burp_enterprise\inference\model_management\model_registry.py	C:\Users\ya754\AppData\Roaming\Code\User\History\13ff49c9\O4kx.py	ModelRegistry.list_all|_cap
REFACTORED	10	1	1	0.5121233356692362	10962	21405	CaseCrack\tools\burp_enterprise\inference\model_management\finetune_exporter.py	C:\Users\ya754\AppData\Roaming\Code\User\History\-7275cefc\Kzu3.py	FinetuneExporter._serialize
REFACTORED	8	3	1	0.4876469051971794	9336	19145	CaseCrack\tools\burp_enterprise\inference\model_management\model_downloader.py	C:\Users\ya754\AppData\Roaming\Code\User\History\-52893bef\7tSv.py	ModelDownloader._partial_path|ModelDownloader._path|ModelDownloader.download_url
REFACTORED	8	9	1	0.4726983688139342	6839	14468	CaseCrack\tools\burp_enterprise\inference\kv_cache.py	C:\Users\ya754\AppData\Roaming\Code\User\History\-52f8b352\rVkn.py	KVCacheManager._bytes_per_token|KVCacheManager._evict_one|KVCacheManager._seq_mb|KVCacheManager._used_mb|KVCacheManager.release
REFACTORED	8	2	1	0.3393942515710312	6589	19414	CaseCrack\tools\burp_enterprise\inference\model_management\vram_selector.py	C:\Users\ya754\AppData\Roaming\Code\User\History\37be9f7c\qeBh.py	VRAMModelSelector._score|VRAMModelSelector._task_capability
REFACTORED	8	10	1	0.6549146206779373	7709	11771	CaseCrack\tools\burp_enterprise\memory\embedder.py	C:\Users\ya754\AppData\Roaming\Code\User\History\79be7d96\onO1.py	VenatorEmbedder.clear_cache|VenatorEmbedder.embedding_dim|VenatorEmbedder.similarity|_TFIDFEmbedder|_TFIDFEmbedder.__init__
REFACTORED	23	39	0	0.6750937772981861	26276	38922	CaseCrack\tests\test_cli_api_extended.py	C:\Users\ya754\AppData\Roaming\Code\User\History\60f9d9ac\DmH8.py	TestCmdApi._make_mod|TestCmdApi._run|TestCmdApi.test_hpp_missing_param|TestCmdApi.test_hpp_missing_value|TestCmdApi.test_hpp_ok
REFACTORED	17	14	0	0.4367050992511589	11022	25239	CaseCrack\tools\burp_enterprise\database\data_migration.py	C:\Users\ya754\AppData\Roaming\Code\User\History\3ef0668f\GL6a.py	MigrationEngine._common_columns|MigrationEngine._migrate_table|MigrationEngine._row_count|MigrationEngine._table_list|MigrationEngine.migrate
REFACTORED	16	9	0	0.7333856209150327	14026	19125	CaseCrack\tests\strict_fakes.py	C:\Users\ya754\AppData\Roaming\Code\User\History\-40068db0\xQFh.py	_Call|_FakeBypassArm|_FakeBypassArm.__repr__|_StrictBase|_StrictBase.__getattr__
MINOR	2	0	3	0.5087381842163112	9257	18196	CaseCrack\tools\burp_enterprise\tool_wrappers\dalfox_provider.py	C:\Users\ya754\AppData\Roaming\Code\User\History\-6200fdec\yFSF.py	
MINOR	2	0	1	0.5004896520206307	7666	15317	CaseCrack\tools\burp_enterprise\platforms\generic.py	C:\Users\ya754\AppData\Roaming\Code\User\History\464f93d4\XWh3.py	
MINOR	1	0	0	0.3110399021393716	23393	75209	CaseCrack\tools\burp_enterprise\recon_dashboard\atlas_api.py	C:\Users\ya754\AppData\Roaming\Code\User\History\5f0d7241\3msW.py	
